,asin,categoria,quantita,date,price,unit_price
0,B086773D9D,mascherine,100.0,2020-03-24 05:20:00,61.43,0.61
1,B086773D9D,mascherine,100.0,2020-03-30 17:16:00,39.99,0.4
2,B086773D9D,mascherine,100.0,2020-03-31 07:16:00,28.98,0.29
3,B086773D9D,mascherine,100.0,2020-03-31 14:28:00,28.88,0.29
4,B086773D9D,mascherine,100.0,2020-04-01 03:12:00,28.98,0.29
5,B086773D9D,mascherine,100.0,2020-04-01 09:12:00,26.98,0.27
6,B086773D9D,mascherine,100.0,2020-04-02 12:00:00,25.98,0.26
7,B086773D9D,mascherine,100.0,2020-04-03 20:24:00,28.93,0.29
8,B086773D9D,mascherine,100.0,2020-04-05 10:56:00,29.88,0.3
9,B086773D9D,mascherine,100.0,2020-04-06 11:44:00,29.99,0.3
10,B086773D9D,mascherine,100.0,2020-04-10 08:24:00,31.0,0.31
11,B086773D9D,mascherine,100.0,2020-04-11 12:00:00,35.98,0.36
12,B086773D9D,mascherine,100.0,2020-04-12 12:52:00,32.98,0.33
13,B086773D9D,mascherine,100.0,2020-04-12 22:42:00,35.98,0.36
14,B086773D9D,mascherine,100.0,2020-04-13 12:40:00,38.89,0.39
15,B086773D9D,mascherine,100.0,2020-04-13 21:40:00,28.88,0.29
16,B086773D9D,mascherine,100.0,2020-04-14 04:08:00,,
17,B086773D9D,mascherine,100.0,2020-04-14 16:40:00,25.97,0.26
18,B086773D9D,mascherine,100.0,2020-04-15 12:28:00,35.98,0.36
19,B086773D9D,mascherine,100.0,2020-04-15 17:40:00,25.97,0.26
20,B086773D9D,mascherine,100.0,2020-04-15 21:16:00,25.67,0.26
21,B086773D9D,mascherine,100.0,2020-04-16 01:08:00,35.68,0.36
22,B086773D9D,mascherine,100.0,2020-04-16 07:36:00,,
23,B086773D9D,mascherine,100.0,2020-04-16 12:00:00,35.68,0.36
24,B086773D9D,mascherine,100.0,2020-04-16 13:54:00,31.6,0.32
25,B086773D9D,mascherine,100.0,2020-04-17 07:40:00,33.99,0.34
26,B086773D9D,mascherine,100.0,2020-04-17 09:44:00,33.8,0.34
27,B086773D9D,mascherine,100.0,2020-04-17 13:36:00,33.0,0.33
28,B086773D9D,mascherine,100.0,2020-04-17 15:54:00,32.7,0.33
29,B086773D9D,mascherine,100.0,2020-04-17 22:04:00,28.97,0.29
30,B086773D9D,mascherine,100.0,2020-04-18 04:06:00,30.0,0.3
31,B086773D9D,mascherine,100.0,2020-04-18 08:12:00,33.98,0.34
32,B086773D9D,mascherine,100.0,2020-04-18 10:34:00,31.98,0.32
33,B086773D9D,mascherine,100.0,2020-04-19 15:40:00,31.79,0.32
34,B086773D9D,mascherine,100.0,2020-04-20 06:34:00,31.97,0.32
35,B086773D9D,mascherine,100.0,2020-04-20 12:32:00,31.51,0.32
36,B086773D9D,mascherine,100.0,2020-04-20 18:54:00,31.46,0.31
37,B086773D9D,mascherine,100.0,2020-04-21 05:24:00,30.99,0.31
38,B086773D9D,mascherine,100.0,2020-04-21 06:54:00,30.95,0.31
39,B086773D9D,mascherine,100.0,2020-04-21 09:56:00,30.18,0.3
40,B086773D9D,mascherine,100.0,2020-04-21 21:48:00,30.0,0.3
41,B086773D9D,mascherine,100.0,2020-04-22 05:28:00,33.99,0.34
42,B086773D9D,mascherine,100.0,2020-04-22 07:56:00,26.96,0.27
43,B086773D9D,mascherine,100.0,2020-04-22 12:52:00,23.99,0.24
44,B086773D9D,mascherine,100.0,2020-04-22 13:40:00,25.99,0.26
45,B086773D9D,mascherine,100.0,2020-04-22 16:12:00,28.96,0.29
46,B086773D9D,mascherine,100.0,2020-04-22 18:32:00,26.48,0.26
47,B086773D9D,mascherine,100.0,2020-04-22 20:16:00,28.96,0.29
48,B086773D9D,mascherine,100.0,2020-04-23 01:12:00,36.99,0.37
49,B086773D9D,mascherine,100.0,2020-04-23 04:04:00,33.99,0.34
50,B086773D9D,mascherine,100.0,2020-04-23 06:34:00,28.96,0.29
51,B086773D9D,mascherine,100.0,2020-04-23 08:12:00,31.96,0.32
52,B086773D9D,mascherine,100.0,2020-04-23 13:16:00,28.88,0.29
53,B086773D9D,mascherine,100.0,2020-04-23 18:14:00,23.86,0.24
54,B086773D9D,mascherine,100.0,2020-04-23 19:48:00,27.36,0.27
55,B086773D9D,mascherine,100.0,2020-04-23 20:50:00,28.88,0.29
56,B086773D9D,mascherine,100.0,2020-04-24 01:32:00,27.88,0.28
57,B086773D9D,mascherine,100.0,2020-04-24 09:36:00,27.86,0.28
58,B086773D9D,mascherine,100.0,2020-04-24 16:48:00,26.85,0.27
59,B086773D9D,mascherine,100.0,2020-04-24 21:28:00,27.86,0.28
60,B086773D9D,mascherine,100.0,2020-04-25 18:16:00,23.9,0.24
61,B086773D9D,mascherine,100.0,2020-04-25 19:40:00,27.86,0.28
62,B086773D9D,mascherine,100.0,2020-04-26 16:24:00,23.88,0.24
63,B086773D9D,mascherine,100.0,2020-04-26 17:32:00,27.86,0.28
64,B086773D9D,mascherine,100.0,2020-04-27 16:12:00,22.99,0.23
65,B086773D9D,mascherine,100.0,2020-04-27 18:20:00,27.86,0.28
66,B086773D9D,mascherine,100.0,2020-04-28 14:16:00,26.49,0.26
67,B086773D9D,mascherine,100.0,2020-04-30 02:56:00,9.98,0.1
68,B086773D9D,mascherine,100.0,2020-04-30 06:16:00,15.0,0.15
69,B086773D9D,mascherine,100.0,2020-04-30 10:12:00,26.49,0.26
70,B086773D9D,mascherine,100.0,2020-04-30 17:32:00,23.0,0.23
71,B086773D9D,mascherine,100.0,2020-04-30 19:28:00,26.49,0.26
72,B086773D9D,mascherine,100.0,2020-05-01 00:46:00,25.9,0.26
73,B086773D9D,mascherine,100.0,2020-05-01 03:52:00,24.0,0.24
74,B086773D9D,mascherine,100.0,2020-05-01 06:56:00,25.9,0.26
75,B086773D9D,mascherine,100.0,2020-05-01 08:18:00,26.49,0.26
76,B086773D9D,mascherine,100.0,2020-05-02 09:14:00,24.49,0.24
77,B086773D9D,mascherine,100.0,2020-05-02 13:30:00,12.99,0.13
78,B086773D9D,mascherine,100.0,2020-05-02 15:42:00,24.49,0.24
79,B086773D9D,mascherine,100.0,2020-05-02 22:20:00,12.99,0.13
80,B086773D9D,mascherine,100.0,2020-05-03 02:04:00,24.49,0.24
81,B086773D9D,mascherine,100.0,2020-05-03 13:00:00,26.47,0.26
82,B086773D9D,mascherine,100.0,2020-05-03 16:40:00,26.45,0.26
83,B086773D9D,mascherine,100.0,2020-05-03 18:52:00,25.0,0.25
84,B086773D9D,mascherine,100.0,2020-05-04 10:12:00,24.0,0.24
85,B086773D9D,mascherine,100.0,2020-05-04 12:28:00,26.49,0.26
86,B086773D9D,mascherine,100.0,2020-05-04 19:12:00,25.0,0.25
87,B086773D9D,mascherine,100.0,2020-05-04 22:56:00,26.49,0.26
88,B086773D9D,mascherine,100.0,2020-05-05 06:02:00,25.56,0.26
89,B086773D9D,mascherine,100.0,2020-05-05 06:48:00,25.95,0.26
90,B086773D9D,mascherine,100.0,2020-05-05 17:58:00,22.84,0.23
0,B0863CX8YX,mascherine,50.0,2020-03-20 15:20:00,25.99,0.52
1,B0863CX8YX,mascherine,50.0,2020-03-21 13:30:00,24.99,0.5
2,B0863CX8YX,mascherine,50.0,2020-03-21 20:12:00,23.99,0.48
3,B0863CX8YX,mascherine,50.0,2020-03-22 17:00:00,22.89,0.46
4,B0863CX8YX,mascherine,50.0,2020-03-22 23:12:00,23.99,0.48
5,B0863CX8YX,mascherine,50.0,2020-03-23 13:00:00,22.0,0.44
6,B0863CX8YX,mascherine,50.0,2020-03-23 14:56:00,15.99,0.32
7,B0863CX8YX,mascherine,50.0,2020-03-25 09:04:00,15.59,0.31
8,B0863CX8YX,mascherine,50.0,2020-03-25 14:50:00,15.99,0.32
9,B0863CX8YX,mascherine,50.0,2020-03-26 01:58:00,26.53,0.53
10,B0863CX8YX,mascherine,50.0,2020-03-26 08:18:00,22.53,0.45
11,B0863CX8YX,mascherine,50.0,2020-03-26 10:44:00,21.88,0.44
12,B0863CX8YX,mascherine,50.0,2020-03-26 12:24:00,16.0,0.32
13,B0863CX8YX,mascherine,50.0,2020-03-27 02:00:00,14.99,0.3
14,B0863CX8YX,mascherine,50.0,2020-03-27 08:24:00,13.0,0.26
15,B0863CX8YX,mascherine,50.0,2020-03-27 10:52:00,12.76,0.26
16,B0863CX8YX,mascherine,50.0,2020-03-27 12:32:00,19.99,0.4
17,B0863CX8YX,mascherine,50.0,2020-03-28 16:24:00,15.0,0.3
18,B0863CX8YX,mascherine,50.0,2020-03-29 06:40:00,9.99,0.2
19,B0863CX8YX,mascherine,50.0,2020-03-29 11:42:00,17.0,0.34
20,B0863CX8YX,mascherine,50.0,2020-03-30 03:04:00,16.59,0.33
21,B0863CX8YX,mascherine,50.0,2020-03-30 13:04:00,15.98,0.32
22,B0863CX8YX,mascherine,50.0,2020-03-30 15:36:00,15.59,0.31
23,B0863CX8YX,mascherine,50.0,2020-03-30 16:12:00,15.79,0.32
24,B0863CX8YX,mascherine,50.0,2020-03-30 16:24:00,12.89,0.26
25,B0863CX8YX,mascherine,50.0,2020-03-31 01:26:00,15.96,0.32
26,B0863CX8YX,mascherine,50.0,2020-03-31 03:26:00,14.99,0.3
27,B0863CX8YX,mascherine,50.0,2020-03-31 05:04:00,13.99,0.28
28,B0863CX8YX,mascherine,50.0,2020-03-31 06:24:00,7.59,0.15
29,B0863CX8YX,mascherine,50.0,2020-03-31 08:44:00,14.65,0.29
30,B0863CX8YX,mascherine,50.0,2020-03-31 13:24:00,14.64,0.29
31,B0863CX8YX,mascherine,50.0,2020-03-31 19:34:00,9.11,0.18
32,B0863CX8YX,mascherine,50.0,2020-03-31 21:54:00,14.64,0.29
33,B0863CX8YX,mascherine,50.0,2020-04-01 03:42:00,14.63,0.29
34,B0863CX8YX,mascherine,50.0,2020-04-01 06:52:00,14.62,0.29
35,B0863CX8YX,mascherine,50.0,2020-04-01 14:48:00,11.0,0.22
36,B0863CX8YX,mascherine,50.0,2020-04-01 18:56:00,7.63,0.15
37,B0863CX8YX,mascherine,50.0,2020-04-01 22:32:00,14.62,0.29
38,B0863CX8YX,mascherine,50.0,2020-04-02 17:04:00,14.91,0.3
39,B0863CX8YX,mascherine,50.0,2020-04-03 07:28:00,14.99,0.3
40,B0863CX8YX,mascherine,50.0,2020-04-04 02:38:00,17.97,0.36
41,B0863CX8YX,mascherine,50.0,2020-04-04 09:00:00,16.95,0.34
42,B0863CX8YX,mascherine,50.0,2020-04-05 00:40:00,17.97,0.36
43,B0863CX8YX,mascherine,50.0,2020-04-05 12:34:00,16.95,0.34
44,B0863CX8YX,mascherine,50.0,2020-04-05 22:32:00,17.94,0.36
45,B0863CX8YX,mascherine,50.0,2020-04-06 12:56:00,17.97,0.36
46,B0863CX8YX,mascherine,50.0,2020-04-06 19:38:00,17.94,0.36
47,B0863CX8YX,mascherine,50.0,2020-04-07 13:56:00,16.95,0.34
48,B0863CX8YX,mascherine,50.0,2020-04-07 15:08:00,13.95,0.28
49,B0863CX8YX,mascherine,50.0,2020-04-07 21:08:00,17.93,0.36
50,B0863CX8YX,mascherine,50.0,2020-04-08 06:36:00,13.95,0.28
51,B0863CX8YX,mascherine,50.0,2020-04-08 14:04:00,16.99,0.34
52,B0863CX8YX,mascherine,50.0,2020-04-08 15:08:00,17.9,0.36
53,B0863CX8YX,mascherine,50.0,2020-04-08 15:24:00,12.0,0.24
54,B0863CX8YX,mascherine,50.0,2020-04-08 17:28:00,17.0,0.34
55,B0863CX8YX,mascherine,50.0,2020-04-08 23:40:00,,
56,B0863CX8YX,mascherine,50.0,2020-04-09 03:32:00,17.89,0.36
57,B0863CX8YX,mascherine,50.0,2020-04-09 07:08:00,12.0,0.24
58,B0863CX8YX,mascherine,50.0,2020-04-10 03:52:00,14.88,0.3
59,B0863CX8YX,mascherine,50.0,2020-04-10 07:52:00,17.89,0.36
60,B0863CX8YX,mascherine,50.0,2020-04-10 09:36:00,14.88,0.3
61,B0863CX8YX,mascherine,50.0,2020-04-10 11:16:00,16.87,0.34
62,B0863CX8YX,mascherine,50.0,2020-04-10 13:52:00,12.0,0.24
63,B0863CX8YX,mascherine,50.0,2020-04-13 02:56:00,12.49,0.25
64,B0863CX8YX,mascherine,50.0,2020-04-13 13:10:00,12.0,0.24
65,B0863CX8YX,mascherine,50.0,2020-04-13 15:56:00,2.89,0.06
66,B0863CX8YX,mascherine,50.0,2020-04-13 16:40:00,10.49,0.21
67,B0863CX8YX,mascherine,50.0,2020-04-14 07:04:00,9.98,0.2
68,B0863CX8YX,mascherine,50.0,2020-04-14 13:36:00,6.99,0.14
69,B0863CX8YX,mascherine,50.0,2020-04-15 13:16:00,15.0,0.3
70,B0863CX8YX,mascherine,50.0,2020-04-15 21:16:00,8.79,0.18
71,B0863CX8YX,mascherine,50.0,2020-04-16 01:08:00,16.9,0.34
72,B0863CX8YX,mascherine,50.0,2020-04-16 07:14:00,15.9,0.32
73,B0863CX8YX,mascherine,50.0,2020-04-16 09:00:00,12.0,0.24
74,B0863CX8YX,mascherine,50.0,2020-04-16 12:00:00,15.0,0.3
75,B0863CX8YX,mascherine,50.0,2020-04-16 13:44:00,14.0,0.28
76,B0863CX8YX,mascherine,50.0,2020-04-16 16:24:00,15.0,0.3
77,B0863CX8YX,mascherine,50.0,2020-04-16 18:52:00,15.88,0.32
78,B0863CX8YX,mascherine,50.0,2020-04-17 10:24:00,12.0,0.24
79,B0863CX8YX,mascherine,50.0,2020-04-17 12:48:00,14.0,0.28
80,B0863CX8YX,mascherine,50.0,2020-04-17 20:10:00,13.0,0.26
81,B0863CX8YX,mascherine,50.0,2020-04-17 20:44:00,14.0,0.28
82,B0863CX8YX,mascherine,50.0,2020-04-18 08:12:00,18.0,0.36
83,B0863CX8YX,mascherine,50.0,2020-04-18 10:42:00,18.16,0.36
84,B0863CX8YX,mascherine,50.0,2020-04-18 12:56:00,16.09,0.32
85,B0863CX8YX,mascherine,50.0,2020-04-18 13:32:00,16.08,0.32
86,B0863CX8YX,mascherine,50.0,2020-04-18 15:08:00,15.0,0.3
87,B0863CX8YX,mascherine,50.0,2020-04-18 17:00:00,16.09,0.32
88,B0863CX8YX,mascherine,50.0,2020-04-18 18:04:00,18.14,0.36
89,B0863CX8YX,mascherine,50.0,2020-04-19 02:44:00,18.15,0.36
90,B0863CX8YX,mascherine,50.0,2020-04-19 09:16:00,18.16,0.36
91,B0863CX8YX,mascherine,50.0,2020-04-19 12:36:00,18.14,0.36
92,B0863CX8YX,mascherine,50.0,2020-04-19 16:44:00,18.79,0.38
93,B0863CX8YX,mascherine,50.0,2020-04-20 03:20:00,18.86,0.38
94,B0863CX8YX,mascherine,50.0,2020-04-20 06:34:00,16.99,0.34
95,B0863CX8YX,mascherine,50.0,2020-04-21 14:32:00,17.66,0.35
96,B0863CX8YX,mascherine,50.0,2020-04-21 15:14:00,13.71,0.27
97,B0863CX8YX,mascherine,50.0,2020-04-22 01:50:00,17.7,0.35
98,B0863CX8YX,mascherine,50.0,2020-04-22 05:28:00,17.68,0.35
99,B0863CX8YX,mascherine,50.0,2020-04-22 07:08:00,12.67,0.25
100,B0863CX8YX,mascherine,50.0,2020-04-23 11:38:00,12.63,0.25
101,B0863CX8YX,mascherine,50.0,2020-04-24 08:24:00,8.99,0.18
102,B0863CX8YX,mascherine,50.0,2020-04-24 09:36:00,12.63,0.25
103,B0863CX8YX,mascherine,50.0,2020-04-24 10:54:00,8.99,0.18
104,B0863CX8YX,mascherine,50.0,2020-04-24 12:04:00,11.6,0.23
105,B0863CX8YX,mascherine,50.0,2020-04-24 13:12:00,12.63,0.25
106,B0863CX8YX,mascherine,50.0,2020-04-26 12:52:00,13.63,0.27
107,B0863CX8YX,mascherine,50.0,2020-04-26 18:36:00,8.99,0.18
108,B0863CX8YX,mascherine,50.0,2020-04-26 19:44:00,13.63,0.27
109,B0863CX8YX,mascherine,50.0,2020-04-27 03:40:00,12.66,0.25
110,B0863CX8YX,mascherine,50.0,2020-04-27 06:32:00,13.63,0.27
111,B0863CX8YX,mascherine,50.0,2020-04-28 09:44:00,11.99,0.24
112,B0863CX8YX,mascherine,50.0,2020-04-29 05:44:00,9.99,0.2
113,B0863CX8YX,mascherine,50.0,2020-04-29 07:14:00,13.63,0.27
114,B0863CX8YX,mascherine,50.0,2020-04-29 08:56:00,11.99,0.24
115,B0863CX8YX,mascherine,50.0,2020-04-30 02:08:00,8.99,0.18
116,B0863CX8YX,mascherine,50.0,2020-04-30 10:12:00,11.99,0.24
117,B0863CX8YX,mascherine,50.0,2020-05-03 05:52:00,6.99,0.14
0,B085Y8JQ64,mascherine,50.0,2020-03-23 02:08:00,,
1,B085Y8JQ64,mascherine,50.0,2020-03-24 05:16:00,42.67,0.85
2,B085Y8JQ64,mascherine,50.0,2020-03-25 01:56:00,22.36,0.45
3,B085Y8JQ64,mascherine,50.0,2020-03-25 13:28:00,15.99,0.32
4,B085Y8JQ64,mascherine,50.0,2020-03-26 14:16:00,26.92,0.54
5,B085Y8JQ64,mascherine,50.0,2020-03-26 17:44:00,30.0,0.6
6,B085Y8JQ64,mascherine,50.0,2020-03-27 06:32:00,24.8,0.5
7,B085Y8JQ64,mascherine,50.0,2020-03-27 08:20:00,16.42,0.33
8,B085Y8JQ64,mascherine,50.0,2020-03-27 11:54:00,17.0,0.34
9,B085Y8JQ64,mascherine,50.0,2020-03-28 03:24:00,23.0,0.46
10,B085Y8JQ64,mascherine,50.0,2020-03-28 16:24:00,17.0,0.34
11,B085Y8JQ64,mascherine,50.0,2020-03-29 02:08:00,23.0,0.46
12,B085Y8JQ64,mascherine,50.0,2020-03-29 09:16:00,17.31,0.35
13,B085Y8JQ64,mascherine,50.0,2020-03-29 17:54:00,16.49,0.33
14,B085Y8JQ64,mascherine,50.0,2020-03-30 06:46:00,22.99,0.46
15,B085Y8JQ64,mascherine,50.0,2020-03-30 11:20:00,20.0,0.4
16,B085Y8JQ64,mascherine,50.0,2020-03-30 20:24:00,16.99,0.34
17,B085Y8JQ64,mascherine,50.0,2020-03-31 08:24:00,11.99,0.24
18,B085Y8JQ64,mascherine,50.0,2020-03-31 09:18:00,14.99,0.3
19,B085Y8JQ64,mascherine,50.0,2020-03-31 10:20:00,15.99,0.32
20,B085Y8JQ64,mascherine,50.0,2020-03-31 12:12:00,15.9,0.32
21,B085Y8JQ64,mascherine,50.0,2020-04-01 06:40:00,15.89,0.32
22,B085Y8JQ64,mascherine,50.0,2020-04-01 09:44:00,18.2,0.36
23,B085Y8JQ64,mascherine,50.0,2020-04-01 13:32:00,14.5,0.29
24,B085Y8JQ64,mascherine,50.0,2020-04-02 12:44:00,14.28,0.29
25,B085Y8JQ64,mascherine,50.0,2020-04-03 09:40:00,16.9,0.34
26,B085Y8JQ64,mascherine,50.0,2020-04-03 11:56:00,16.0,0.32
27,B085Y8JQ64,mascherine,50.0,2020-04-03 16:28:00,15.0,0.3
28,B085Y8JQ64,mascherine,50.0,2020-04-04 03:36:00,10.0,0.2
29,B085Y8JQ64,mascherine,50.0,2020-04-04 07:12:00,1.99,0.04
30,B085Y8JQ64,mascherine,50.0,2020-04-04 08:52:00,9.9,0.2
31,B085Y8JQ64,mascherine,50.0,2020-04-05 08:24:00,16.9,0.34
32,B085Y8JQ64,mascherine,50.0,2020-04-05 11:32:00,22.99,0.46
33,B085Y8JQ64,mascherine,50.0,2020-04-05 13:48:00,16.5,0.33
34,B085Y8JQ64,mascherine,50.0,2020-04-05 15:48:00,15.0,0.3
35,B085Y8JQ64,mascherine,50.0,2020-04-05 16:04:00,17.0,0.34
36,B085Y8JQ64,mascherine,50.0,2020-04-05 18:36:00,20.0,0.4
37,B085Y8JQ64,mascherine,50.0,2020-04-05 23:16:00,,
38,B085Y8JQ64,mascherine,50.0,2020-04-07 04:08:00,17.9,0.36
39,B085Y8JQ64,mascherine,50.0,2020-04-07 06:40:00,14.0,0.28
40,B085Y8JQ64,mascherine,50.0,2020-04-07 08:04:00,12.0,0.24
41,B085Y8JQ64,mascherine,50.0,2020-04-08 17:28:00,11.8,0.24
42,B085Y8JQ64,mascherine,50.0,2020-04-08 20:52:00,11.6,0.23
43,B085Y8JQ64,mascherine,50.0,2020-04-09 14:24:00,10.0,0.2
44,B085Y8JQ64,mascherine,50.0,2020-04-09 21:00:00,12.0,0.24
45,B085Y8JQ64,mascherine,50.0,2020-04-10 10:28:00,11.0,0.22
46,B085Y8JQ64,mascherine,50.0,2020-04-10 12:28:00,12.8,0.26
47,B085Y8JQ64,mascherine,50.0,2020-04-10 15:04:00,10.8,0.22
48,B085Y8JQ64,mascherine,50.0,2020-04-11 11:48:00,8.44,0.17
49,B085Y8JQ64,mascherine,50.0,2020-04-11 13:28:00,8.42,0.17
50,B085Y8JQ64,mascherine,50.0,2020-04-11 19:00:00,9.0,0.18
51,B085Y8JQ64,mascherine,50.0,2020-04-11 21:20:00,10.8,0.22
52,B085Y8JQ64,mascherine,50.0,2020-04-11 22:16:00,8.42,0.17
53,B085Y8JQ64,mascherine,50.0,2020-04-12 00:22:00,,
54,B085Y8JQ64,mascherine,50.0,2020-04-12 03:24:00,10.8,0.22
55,B085Y8JQ64,mascherine,50.0,2020-04-12 09:24:00,8.32,0.17
56,B085Y8JQ64,mascherine,50.0,2020-04-12 12:24:00,6.82,0.14
57,B085Y8JQ64,mascherine,50.0,2020-04-12 16:16:00,18.98,0.38
58,B085Y8JQ64,mascherine,50.0,2020-04-12 21:46:00,19.0,0.38
59,B085Y8JQ64,mascherine,50.0,2020-04-13 08:16:00,,
60,B085Y8JQ64,mascherine,50.0,2020-04-13 10:08:00,20.0,0.4
61,B085Y8JQ64,mascherine,50.0,2020-04-13 13:10:00,,
62,B085Y8JQ64,mascherine,50.0,2020-04-13 14:48:00,2.88,0.06
63,B085Y8JQ64,mascherine,50.0,2020-04-13 17:10:00,20.0,0.4
64,B085Y8JQ64,mascherine,50.0,2020-04-14 15:16:00,,
65,B085Y8JQ64,mascherine,50.0,2020-04-15 14:36:00,11.0,0.22
66,B085Y8JQ64,mascherine,50.0,2020-04-15 15:40:00,,
67,B085Y8JQ64,mascherine,50.0,2020-04-16 11:04:00,20.0,0.4
68,B085Y8JQ64,mascherine,50.0,2020-04-16 12:58:00,16.0,0.32
69,B085Y8JQ64,mascherine,50.0,2020-04-16 13:44:00,15.84,0.32
70,B085Y8JQ64,mascherine,50.0,2020-04-16 14:52:00,15.83,0.32
71,B085Y8JQ64,mascherine,50.0,2020-04-16 16:08:00,15.0,0.3
72,B085Y8JQ64,mascherine,50.0,2020-04-17 05:28:00,16.0,0.32
73,B085Y8JQ64,mascherine,50.0,2020-04-17 08:48:00,13.0,0.26
74,B085Y8JQ64,mascherine,50.0,2020-04-17 11:08:00,15.99,0.32
75,B085Y8JQ64,mascherine,50.0,2020-04-18 05:38:00,18.7,0.37
76,B085Y8JQ64,mascherine,50.0,2020-04-19 07:20:00,15.89,0.32
77,B085Y8JQ64,mascherine,50.0,2020-04-19 09:22:00,15.87,0.32
78,B085Y8JQ64,mascherine,50.0,2020-04-20 05:12:00,18.87,0.38
79,B085Y8JQ64,mascherine,50.0,2020-04-20 06:48:00,15.97,0.32
80,B085Y8JQ64,mascherine,50.0,2020-04-21 09:56:00,14.0,0.28
81,B085Y8JQ64,mascherine,50.0,2020-04-22 01:52:00,16.79,0.34
82,B085Y8JQ64,mascherine,50.0,2020-04-22 02:32:00,18.9,0.38
83,B085Y8JQ64,mascherine,50.0,2020-04-22 03:46:00,18.99,0.38
84,B085Y8JQ64,mascherine,50.0,2020-04-22 07:10:00,17.99,0.36
85,B085Y8JQ64,mascherine,50.0,2020-04-22 09:28:00,16.88,0.34
86,B085Y8JQ64,mascherine,50.0,2020-04-22 10:48:00,14.99,0.3
87,B085Y8JQ64,mascherine,50.0,2020-04-22 13:44:00,15.98,0.32
88,B085Y8JQ64,mascherine,50.0,2020-04-23 10:24:00,14.99,0.3
89,B085Y8JQ64,mascherine,50.0,2020-04-23 12:38:00,15.98,0.32
90,B085Y8JQ64,mascherine,50.0,2020-04-24 09:36:00,12.96,0.26
91,B085Y8JQ64,mascherine,50.0,2020-04-24 10:48:00,11.9,0.24
92,B085Y8JQ64,mascherine,50.0,2020-04-24 13:12:00,12.89,0.26
93,B085Y8JQ64,mascherine,50.0,2020-04-28 17:10:00,12.99,0.26
0,B086BSL52H,mascherine,50.0,2020-03-27 06:36:00,32.99,0.66
1,B086BSL52H,mascherine,50.0,2020-04-01 16:12:00,26.99,0.54
2,B086BSL52H,mascherine,50.0,2020-04-01 18:28:00,25.59,0.51
3,B086BSL52H,mascherine,50.0,2020-04-02 06:40:00,25.58,0.51
4,B086BSL52H,mascherine,50.0,2020-04-02 11:40:00,25.59,0.51
5,B086BSL52H,mascherine,50.0,2020-04-03 06:38:00,31.59,0.63
6,B086BSL52H,mascherine,50.0,2020-04-03 16:28:00,23.99,0.48
7,B086BSL52H,mascherine,50.0,2020-04-03 17:40:00,21.99,0.44
8,B086BSL52H,mascherine,50.0,2020-04-03 23:12:00,23.59,0.47
9,B086BSL52H,mascherine,50.0,2020-04-04 02:16:00,25.0,0.5
10,B086BSL52H,mascherine,50.0,2020-04-04 05:14:00,20.88,0.42
11,B086BSL52H,mascherine,50.0,2020-04-04 13:10:00,22.0,0.44
12,B086BSL52H,mascherine,50.0,2020-04-05 07:04:00,,
13,B086BSL52H,mascherine,50.0,2020-04-05 08:32:00,22.0,0.44
14,B086BSL52H,mascherine,50.0,2020-04-05 12:22:00,31.59,0.63
15,B086BSL52H,mascherine,50.0,2020-04-05 15:48:00,31.99,0.64
16,B086BSL52H,mascherine,50.0,2020-04-06 06:36:00,23.0,0.46
17,B086BSL52H,mascherine,50.0,2020-04-07 07:36:00,18.99,0.38
18,B086BSL52H,mascherine,50.0,2020-04-07 08:28:00,18.98,0.38
19,B086BSL52H,mascherine,50.0,2020-04-07 09:12:00,18.54,0.37
20,B086BSL52H,mascherine,50.0,2020-04-07 11:48:00,14.99,0.3
21,B086BSL52H,mascherine,50.0,2020-04-07 13:36:00,16.69,0.33
22,B086BSL52H,mascherine,50.0,2020-04-07 14:32:00,15.09,0.3
23,B086BSL52H,mascherine,50.0,2020-04-07 15:52:00,16.59,0.33
24,B086BSL52H,mascherine,50.0,2020-04-07 17:08:00,15.97,0.32
25,B086BSL52H,mascherine,50.0,2020-04-07 19:24:00,16.59,0.33
26,B086BSL52H,mascherine,50.0,2020-04-08 09:24:00,14.7,0.29
27,B086BSL52H,mascherine,50.0,2020-04-08 10:20:00,14.6,0.29
28,B086BSL52H,mascherine,50.0,2020-04-08 14:04:00,17.08,0.34
29,B086BSL52H,mascherine,50.0,2020-04-08 18:22:00,16.78,0.34
30,B086BSL52H,mascherine,50.0,2020-04-09 02:22:00,21.0,0.42
31,B086BSL52H,mascherine,50.0,2020-04-09 08:30:00,16.69,0.33
32,B086BSL52H,mascherine,50.0,2020-04-09 11:36:00,21.0,0.42
33,B086BSL52H,mascherine,50.0,2020-04-09 14:22:00,20.99,0.42
34,B086BSL52H,mascherine,50.0,2020-04-09 16:56:00,16.69,0.33
35,B086BSL52H,mascherine,50.0,2020-04-09 18:44:00,20.98,0.42
36,B086BSL52H,mascherine,50.0,2020-04-10 05:00:00,16.69,0.33
37,B086BSL52H,mascherine,50.0,2020-04-10 10:28:00,20.99,0.42
38,B086BSL52H,mascherine,50.0,2020-04-11 07:46:00,19.0,0.38
39,B086BSL52H,mascherine,50.0,2020-04-11 13:44:00,21.0,0.42
40,B086BSL52H,mascherine,50.0,2020-04-11 17:48:00,27.92,0.56
41,B086BSL52H,mascherine,50.0,2020-04-11 20:06:00,21.0,0.42
42,B086BSL52H,mascherine,50.0,2020-04-11 21:50:00,27.92,0.56
43,B086BSL52H,mascherine,50.0,2020-04-12 09:26:00,25.99,0.52
44,B086BSL52H,mascherine,50.0,2020-04-12 10:54:00,31.59,0.63
45,B086BSL52H,mascherine,50.0,2020-04-12 12:24:00,30.59,0.61
46,B086BSL52H,mascherine,50.0,2020-04-12 12:28:00,25.99,0.52
47,B086BSL52H,mascherine,50.0,2020-04-12 13:48:00,24.99,0.5
48,B086BSL52H,mascherine,50.0,2020-04-13 05:26:00,31.59,0.63
49,B086BSL52H,mascherine,50.0,2020-04-13 08:16:00,19.0,0.38
50,B086BSL52H,mascherine,50.0,2020-04-13 23:40:00,18.0,0.36
51,B086BSL52H,mascherine,50.0,2020-04-14 01:56:00,25.0,0.5
52,B086BSL52H,mascherine,50.0,2020-04-14 08:12:00,19.0,0.38
53,B086BSL52H,mascherine,50.0,2020-04-14 09:32:00,25.0,0.5
54,B086BSL52H,mascherine,50.0,2020-04-14 14:10:00,28.0,0.56
55,B086BSL52H,mascherine,50.0,2020-04-14 16:22:00,18.0,0.36
56,B086BSL52H,mascherine,50.0,2020-04-14 19:36:00,28.9,0.58
57,B086BSL52H,mascherine,50.0,2020-04-14 22:24:00,20.35,0.41
58,B086BSL52H,mascherine,50.0,2020-04-14 23:40:00,28.9,0.58
59,B086BSL52H,mascherine,50.0,2020-04-15 07:10:00,28.0,0.56
60,B086BSL52H,mascherine,50.0,2020-04-15 08:34:00,28.9,0.58
61,B086BSL52H,mascherine,50.0,2020-04-15 09:48:00,19.99,0.4
62,B086BSL52H,mascherine,50.0,2020-04-15 12:04:00,20.97,0.42
63,B086BSL52H,mascherine,50.0,2020-04-15 13:16:00,15.92,0.32
64,B086BSL52H,mascherine,50.0,2020-04-15 15:54:00,19.89,0.4
65,B086BSL52H,mascherine,50.0,2020-04-15 17:40:00,19.99,0.4
66,B086BSL52H,mascherine,50.0,2020-04-15 21:16:00,19.89,0.4
67,B086BSL52H,mascherine,50.0,2020-04-16 01:08:00,20.97,0.42
68,B086BSL52H,mascherine,50.0,2020-04-16 02:16:00,20.59,0.41
69,B086BSL52H,mascherine,50.0,2020-04-16 06:18:00,21.97,0.44
70,B086BSL52H,mascherine,50.0,2020-04-16 08:08:00,19.99,0.4
71,B086BSL52H,mascherine,50.0,2020-04-16 09:44:00,21.97,0.44
72,B086BSL52H,mascherine,50.0,2020-04-16 11:08:00,19.0,0.38
73,B086BSL52H,mascherine,50.0,2020-04-16 12:58:00,15.92,0.32
74,B086BSL52H,mascherine,50.0,2020-04-16 13:44:00,19.99,0.4
75,B086BSL52H,mascherine,50.0,2020-04-16 16:34:00,19.69,0.39
76,B086BSL52H,mascherine,50.0,2020-04-16 18:52:00,19.49,0.39
77,B086BSL52H,mascherine,50.0,2020-04-16 22:28:00,19.5,0.39
78,B086BSL52H,mascherine,50.0,2020-04-17 06:32:00,18.99,0.38
79,B086BSL52H,mascherine,50.0,2020-04-17 11:08:00,14.91,0.3
80,B086BSL52H,mascherine,50.0,2020-04-18 06:02:00,21.97,0.44
81,B086BSL52H,mascherine,50.0,2020-04-18 08:12:00,15.99,0.32
82,B086BSL52H,mascherine,50.0,2020-04-18 10:34:00,21.97,0.44
83,B086BSL52H,mascherine,50.0,2020-04-18 15:32:00,18.99,0.38
84,B086BSL52H,mascherine,50.0,2020-04-18 18:04:00,19.5,0.39
85,B086BSL52H,mascherine,50.0,2020-04-19 02:44:00,21.97,0.44
86,B086BSL52H,mascherine,50.0,2020-04-19 08:48:00,15.99,0.32
87,B086BSL52H,mascherine,50.0,2020-04-19 10:00:00,21.97,0.44
88,B086BSL52H,mascherine,50.0,2020-04-19 14:28:00,19.5,0.39
89,B086BSL52H,mascherine,50.0,2020-04-20 02:28:00,31.59,0.63
90,B086BSL52H,mascherine,50.0,2020-04-20 14:10:00,21.9,0.44
91,B086BSL52H,mascherine,50.0,2020-04-21 03:48:00,19.0,0.38
92,B086BSL52H,mascherine,50.0,2020-04-21 06:46:00,31.59,0.63
93,B086BSL52H,mascherine,50.0,2020-04-21 13:24:00,24.97,0.5
94,B086BSL52H,mascherine,50.0,2020-04-21 17:44:00,24.96,0.5
95,B086BSL52H,mascherine,50.0,2020-04-22 01:52:00,24.95,0.5
96,B086BSL52H,mascherine,50.0,2020-04-22 06:32:00,24.93,0.5
97,B086BSL52H,mascherine,50.0,2020-04-22 11:20:00,20.95,0.42
98,B086BSL52H,mascherine,50.0,2020-04-22 12:36:00,24.93,0.5
99,B086BSL52H,mascherine,50.0,2020-04-23 03:52:00,24.92,0.5
100,B086BSL52H,mascherine,50.0,2020-04-23 06:34:00,24.0,0.48
101,B086BSL52H,mascherine,50.0,2020-04-23 08:12:00,20.95,0.42
102,B086BSL52H,mascherine,50.0,2020-04-23 09:48:00,23.89,0.48
103,B086BSL52H,mascherine,50.0,2020-04-23 13:36:00,23.98,0.48
104,B086BSL52H,mascherine,50.0,2020-04-23 15:16:00,24.0,0.48
105,B086BSL52H,mascherine,50.0,2020-04-23 18:14:00,20.95,0.42
106,B086BSL52H,mascherine,50.0,2020-04-23 19:36:00,24.0,0.48
107,B086BSL52H,mascherine,50.0,2020-04-24 08:24:00,21.92,0.44
108,B086BSL52H,mascherine,50.0,2020-04-24 09:36:00,18.0,0.36
109,B086BSL52H,mascherine,50.0,2020-04-24 11:04:00,17.9,0.36
110,B086BSL52H,mascherine,50.0,2020-04-25 02:30:00,16.9,0.34
111,B086BSL52H,mascherine,50.0,2020-04-25 09:56:00,15.9,0.32
112,B086BSL52H,mascherine,50.0,2020-04-25 11:08:00,16.9,0.34
113,B086BSL52H,mascherine,50.0,2020-04-25 12:34:00,22.89,0.46
114,B086BSL52H,mascherine,50.0,2020-04-25 18:28:00,20.0,0.4
115,B086BSL52H,mascherine,50.0,2020-04-25 22:00:00,16.9,0.34
116,B086BSL52H,mascherine,50.0,2020-04-26 06:48:00,15.9,0.32
117,B086BSL52H,mascherine,50.0,2020-04-26 06:52:00,16.9,0.34
118,B086BSL52H,mascherine,50.0,2020-04-28 05:40:00,16.83,0.34
119,B086BSL52H,mascherine,50.0,2020-04-28 09:44:00,8.9,0.18
120,B086BSL52H,mascherine,50.0,2020-04-28 10:16:00,9.9,0.2
121,B086BSL52H,mascherine,50.0,2020-04-30 08:18:00,14.9,0.3
122,B086BSL52H,mascherine,50.0,2020-05-02 21:52:00,10.0,0.2
123,B086BSL52H,mascherine,50.0,2020-05-03 04:08:00,14.9,0.3
124,B086BSL52H,mascherine,50.0,2020-05-03 19:34:00,10.0,0.2
125,B086BSL52H,mascherine,50.0,2020-05-03 22:06:00,14.9,0.3
126,B086BSL52H,mascherine,50.0,2020-05-05 04:02:00,10.0,0.2
127,B086BSL52H,mascherine,50.0,2020-05-05 08:40:00,14.9,0.3
0,B086GS9CY6,mascherine,100.0,2020-03-27 16:18:00,39.99,0.4
1,B086GS9CY6,mascherine,100.0,2020-04-02 11:08:00,29.99,0.3
2,B086GS9CY6,mascherine,100.0,2020-04-07 02:40:00,39.99,0.4
3,B086GS9CY6,mascherine,100.0,2020-04-07 07:16:00,35.99,0.36
4,B086GS9CY6,mascherine,100.0,2020-04-07 15:16:00,30.99,0.31
5,B086GS9CY6,mascherine,100.0,2020-04-10 13:36:00,29.99,0.3
6,B086GS9CY6,mascherine,100.0,2020-04-16 15:22:00,30.99,0.31
7,B086GS9CY6,mascherine,100.0,2020-04-22 10:14:00,37.98,0.38
8,B086GS9CY6,mascherine,100.0,2020-04-22 15:16:00,35.99,0.36
9,B086GS9CY6,mascherine,100.0,2020-04-24 10:12:00,32.99,0.33
10,B086GS9CY6,mascherine,100.0,2020-04-24 11:56:00,35.98,0.36
11,B086GS9CY6,mascherine,100.0,2020-04-24 18:48:00,31.9,0.32
12,B086GS9CY6,mascherine,100.0,2020-04-26 14:22:00,30.99,0.31
13,B086GS9CY6,mascherine,100.0,2020-04-29 06:24:00,28.99,0.29
14,B086GS9CY6,mascherine,100.0,2020-04-30 13:14:00,31.98,0.32
15,B086GS9CY6,mascherine,100.0,2020-05-01 06:36:00,30.99,0.31
16,B086GS9CY6,mascherine,100.0,2020-05-01 17:14:00,31.98,0.32
17,B086GS9CY6,mascherine,100.0,2020-05-02 17:24:00,36.99,0.37
18,B086GS9CY6,mascherine,100.0,2020-05-02 20:06:00,30.99,0.31
19,B086GS9CY6,mascherine,100.0,2020-05-03 12:44:00,31.98,0.32
20,B086GS9CY6,mascherine,100.0,2020-05-03 16:24:00,30.99,0.31
21,B086GS9CY6,mascherine,100.0,2020-05-03 21:36:00,31.98,0.32
22,B086GS9CY6,mascherine,100.0,2020-05-04 19:38:00,31.89,0.32
0,B086GVPH6J,mascherine,50.0,2020-03-29 05:48:00,19.99,0.4
1,B086GVPH6J,mascherine,50.0,2020-04-01 19:22:00,19.8,0.4
2,B086GVPH6J,mascherine,50.0,2020-04-06 03:48:00,19.99,0.4
3,B086GVPH6J,mascherine,50.0,2020-04-07 13:52:00,17.99,0.36
4,B086GVPH6J,mascherine,50.0,2020-04-08 12:24:00,14.99,0.3
5,B086GVPH6J,mascherine,50.0,2020-04-09 08:04:00,13.99,0.28
6,B086GVPH6J,mascherine,50.0,2020-04-10 00:32:00,,
7,B086GVPH6J,mascherine,50.0,2020-04-10 07:32:00,13.99,0.28
8,B086GVPH6J,mascherine,50.0,2020-04-15 06:36:00,14.55,0.29
9,B086GVPH6J,mascherine,50.0,2020-04-16 07:02:00,15.55,0.31
10,B086GVPH6J,mascherine,50.0,2020-04-16 13:44:00,15.99,0.32
11,B086GVPH6J,mascherine,50.0,2020-04-21 05:08:00,16.99,0.34
12,B086GVPH6J,mascherine,50.0,2020-04-22 14:18:00,19.99,0.4
13,B086GVPH6J,mascherine,50.0,2020-04-23 10:54:00,20.99,0.42
14,B086GVPH6J,mascherine,50.0,2020-04-24 16:04:00,19.86,0.4
15,B086GVPH6J,mascherine,50.0,2020-04-24 18:36:00,18.0,0.36
16,B086GVPH6J,mascherine,50.0,2020-04-24 23:16:00,19.86,0.4
17,B086GVPH6J,mascherine,50.0,2020-04-25 09:56:00,15.29,0.31
18,B086GVPH6J,mascherine,50.0,2020-04-26 02:36:00,20.99,0.42
19,B086GVPH6J,mascherine,50.0,2020-04-28 11:56:00,19.59,0.39
20,B086GVPH6J,mascherine,50.0,2020-04-28 14:48:00,19.69,0.39
21,B086GVPH6J,mascherine,50.0,2020-04-29 02:16:00,20.99,0.42
22,B086GVPH6J,mascherine,50.0,2020-04-29 07:40:00,17.99,0.36
23,B086GVPH6J,mascherine,50.0,2020-04-30 15:18:00,18.99,0.38
24,B086GVPH6J,mascherine,50.0,2020-05-02 19:44:00,17.99,0.36
25,B086GVPH6J,mascherine,50.0,2020-05-03 03:12:00,18.99,0.38
26,B086GVPH6J,mascherine,50.0,2020-05-03 15:04:00,18.81,0.38
27,B086GVPH6J,mascherine,50.0,2020-05-03 21:16:00,18.0,0.36
28,B086GVPH6J,mascherine,50.0,2020-05-04 09:36:00,16.68,0.33
29,B086GVPH6J,mascherine,50.0,2020-05-04 14:40:00,16.91,0.34
0,B0863WNB94,mascherine,50.0,2020-03-21 18:16:00,26.99,0.54
1,B0863WNB94,mascherine,50.0,2020-03-26 20:24:00,23.0,0.46
2,B0863WNB94,mascherine,50.0,2020-03-27 20:48:00,22.5,0.45
3,B0863WNB94,mascherine,50.0,2020-03-28 10:28:00,22.0,0.44
4,B0863WNB94,mascherine,50.0,2020-03-28 11:40:00,19.0,0.38
5,B0863WNB94,mascherine,50.0,2020-03-29 05:42:00,22.0,0.44
6,B0863WNB94,mascherine,50.0,2020-03-29 18:00:00,21.0,0.42
7,B0863WNB94,mascherine,50.0,2020-03-30 04:50:00,22.0,0.44
8,B0863WNB94,mascherine,50.0,2020-03-30 17:00:00,18.0,0.36
9,B0863WNB94,mascherine,50.0,2020-03-31 01:18:00,22.0,0.44
10,B0863WNB94,mascherine,50.0,2020-03-31 15:24:00,18.0,0.36
11,B0863WNB94,mascherine,50.0,2020-04-01 07:36:00,21.0,0.42
12,B0863WNB94,mascherine,50.0,2020-04-02 18:14:00,18.0,0.36
13,B0863WNB94,mascherine,50.0,2020-04-02 23:22:00,21.0,0.42
14,B0863WNB94,mascherine,50.0,2020-04-04 16:22:00,20.79,0.42
15,B0863WNB94,mascherine,50.0,2020-04-05 00:40:00,21.0,0.42
16,B0863WNB94,mascherine,50.0,2020-04-05 15:56:00,20.79,0.42
17,B0863WNB94,mascherine,50.0,2020-04-06 00:34:00,21.0,0.42
18,B0863WNB94,mascherine,50.0,2020-04-06 16:20:00,20.0,0.4
19,B0863WNB94,mascherine,50.0,2020-04-07 09:04:00,20.99,0.42
20,B0863WNB94,mascherine,50.0,2020-04-15 13:36:00,17.99,0.36
21,B0863WNB94,mascherine,50.0,2020-04-15 22:04:00,20.99,0.42
22,B0863WNB94,mascherine,50.0,2020-04-16 09:18:00,17.5,0.35
23,B0863WNB94,mascherine,50.0,2020-04-16 09:40:00,17.48,0.35
24,B0863WNB94,mascherine,50.0,2020-04-16 13:40:00,20.4,0.41
25,B0863WNB94,mascherine,50.0,2020-04-17 08:32:00,16.99,0.34
26,B0863WNB94,mascherine,50.0,2020-04-18 08:52:00,18.99,0.38
27,B0863WNB94,mascherine,50.0,2020-04-21 08:04:00,23.99,0.48
28,B0863WNB94,mascherine,50.0,2020-04-22 10:08:00,18.99,0.38
29,B0863WNB94,mascherine,50.0,2020-04-22 14:04:00,19.58,0.39
30,B0863WNB94,mascherine,50.0,2020-04-22 16:06:00,20.75,0.42
31,B0863WNB94,mascherine,50.0,2020-04-23 03:56:00,,
32,B0863WNB94,mascherine,50.0,2020-04-23 06:34:00,23.99,0.48
33,B0863WNB94,mascherine,50.0,2020-04-23 13:40:00,22.99,0.46
34,B0863WNB94,mascherine,50.0,2020-04-24 01:32:00,23.99,0.48
35,B0863WNB94,mascherine,50.0,2020-04-24 13:14:00,23.88,0.48
36,B0863WNB94,mascherine,50.0,2020-04-24 16:12:00,23.99,0.48
37,B0863WNB94,mascherine,50.0,2020-04-24 18:36:00,17.89,0.36
38,B0863WNB94,mascherine,50.0,2020-04-25 06:28:00,18.89,0.38
39,B0863WNB94,mascherine,50.0,2020-04-25 15:04:00,18.0,0.36
40,B0863WNB94,mascherine,50.0,2020-04-26 00:34:00,22.99,0.46
41,B0863WNB94,mascherine,50.0,2020-04-26 17:32:00,22.98,0.46
42,B0863WNB94,mascherine,50.0,2020-04-27 01:36:00,22.69,0.45
43,B0863WNB94,mascherine,50.0,2020-04-27 10:04:00,21.9,0.44
44,B0863WNB94,mascherine,50.0,2020-04-27 14:00:00,19.98,0.4
45,B0863WNB94,mascherine,50.0,2020-04-28 03:08:00,21.9,0.44
46,B0863WNB94,mascherine,50.0,2020-04-28 07:48:00,18.98,0.38
47,B0863WNB94,mascherine,50.0,2020-04-29 08:44:00,19.97,0.4
48,B0863WNB94,mascherine,50.0,2020-04-29 10:28:00,19.99,0.4
49,B0863WNB94,mascherine,50.0,2020-04-29 13:52:00,19.98,0.4
50,B0863WNB94,mascherine,50.0,2020-04-29 16:32:00,15.81,0.32
51,B0863WNB94,mascherine,50.0,2020-04-30 06:34:00,18.99,0.38
52,B0863WNB94,mascherine,50.0,2020-05-01 05:48:00,16.68,0.33
53,B0863WNB94,mascherine,50.0,2020-05-03 05:52:00,18.99,0.38
54,B0863WNB94,mascherine,50.0,2020-05-04 05:32:00,16.68,0.33
0,B086GPFW92,mascherine,200.0,2020-03-29 10:04:00,78.0,0.39
1,B086GPFW92,mascherine,200.0,2020-03-31 21:20:00,,
2,B086GPFW92,mascherine,200.0,2020-04-02 02:44:00,78.0,0.39
3,B086GPFW92,mascherine,200.0,2020-04-02 09:44:00,61.99,0.31
4,B086GPFW92,mascherine,200.0,2020-04-02 19:20:00,58.9,0.29
5,B086GPFW92,mascherine,200.0,2020-04-03 12:30:00,53.0,0.26
6,B086GPFW92,mascherine,200.0,2020-04-06 03:16:00,52.0,0.26
7,B086GPFW92,mascherine,200.0,2020-04-07 22:08:00,53.0,0.26
8,B086GPFW92,mascherine,200.0,2020-04-08 10:30:00,,
9,B086GPFW92,mascherine,200.0,2020-04-08 16:16:00,52.0,0.26
10,B086GPFW92,mascherine,200.0,2020-04-08 20:48:00,50.0,0.25
11,B086GPFW92,mascherine,200.0,2020-04-09 11:36:00,52.0,0.26
12,B086GPFW92,mascherine,200.0,2020-04-10 11:42:00,43.9,0.22
13,B086GPFW92,mascherine,200.0,2020-04-11 09:08:00,48.0,0.24
14,B086GPFW92,mascherine,200.0,2020-04-11 13:52:00,50.0,0.25
15,B086GPFW92,mascherine,200.0,2020-04-12 09:08:00,48.0,0.24
16,B086GPFW92,mascherine,200.0,2020-04-12 12:00:00,47.99,0.24
17,B086GPFW92,mascherine,200.0,2020-04-13 09:32:00,32.0,0.16
18,B086GPFW92,mascherine,200.0,2020-04-13 17:40:00,51.0,0.26
19,B086GPFW92,mascherine,200.0,2020-04-14 10:42:00,55.0,0.28
20,B086GPFW92,mascherine,200.0,2020-04-14 12:00:00,51.0,0.26
21,B086GPFW92,mascherine,200.0,2020-04-14 14:10:00,55.0,0.28
22,B086GPFW92,mascherine,200.0,2020-04-14 23:40:00,51.0,0.26
23,B086GPFW92,mascherine,200.0,2020-04-15 06:52:00,55.0,0.28
24,B086GPFW92,mascherine,200.0,2020-04-16 20:20:00,55.59,0.28
25,B086GPFW92,mascherine,200.0,2020-04-17 04:30:00,120.0,0.6
26,B086GPFW92,mascherine,200.0,2020-04-17 10:46:00,,
27,B086GPFW92,mascherine,200.0,2020-04-17 12:48:00,55.99,0.28
28,B086GPFW92,mascherine,200.0,2020-04-18 05:34:00,,
29,B086GPFW92,mascherine,200.0,2020-04-18 11:34:00,55.99,0.28
30,B086GPFW92,mascherine,200.0,2020-04-18 19:06:00,,
31,B086GPFW92,mascherine,200.0,2020-04-19 18:08:00,28.98,0.14
32,B086GPFW92,mascherine,200.0,2020-04-19 22:46:00,88.98,0.44
33,B086GPFW92,mascherine,200.0,2020-04-20 04:12:00,,
34,B086GPFW92,mascherine,200.0,2020-04-20 10:00:00,96.99,0.48
35,B086GPFW92,mascherine,200.0,2020-04-20 13:24:00,88.98,0.44
36,B086GPFW92,mascherine,200.0,2020-04-21 17:32:00,93.99,0.47
37,B086GPFW92,mascherine,200.0,2020-04-22 13:56:00,93.98,0.47
38,B086GPFW92,mascherine,200.0,2020-04-22 16:56:00,89.98,0.45
39,B086GPFW92,mascherine,200.0,2020-04-23 03:36:00,89.89,0.45
40,B086GPFW92,mascherine,200.0,2020-04-23 06:34:00,63.0,0.32
41,B086GPFW92,mascherine,200.0,2020-04-23 08:12:00,89.99,0.45
42,B086GPFW92,mascherine,200.0,2020-04-23 10:28:00,70.0,0.35
43,B086GPFW92,mascherine,200.0,2020-04-23 12:40:00,86.98,0.43
44,B086GPFW92,mascherine,200.0,2020-04-23 14:00:00,85.99,0.43
45,B086GPFW92,mascherine,200.0,2020-04-23 16:56:00,70.0,0.35
46,B086GPFW92,mascherine,200.0,2020-04-24 16:04:00,93.99,0.47
47,B086GPFW92,mascherine,200.0,2020-04-24 22:26:00,85.99,0.43
48,B086GPFW92,mascherine,200.0,2020-04-25 02:32:00,70.0,0.35
49,B086GPFW92,mascherine,200.0,2020-04-25 08:28:00,67.99,0.34
50,B086GPFW92,mascherine,200.0,2020-04-26 00:32:00,68.0,0.34
51,B086GPFW92,mascherine,200.0,2020-04-26 13:14:00,67.0,0.34
52,B086GPFW92,mascherine,200.0,2020-04-26 17:32:00,68.0,0.34
53,B086GPFW92,mascherine,200.0,2020-04-27 01:30:00,67.0,0.34
54,B086GPFW92,mascherine,200.0,2020-04-27 07:26:00,68.0,0.34
55,B086GPFW92,mascherine,200.0,2020-04-27 10:32:00,63.88,0.32
56,B086GPFW92,mascherine,200.0,2020-04-27 14:00:00,65.88,0.33
57,B086GPFW92,mascherine,200.0,2020-04-27 23:56:00,63.77,0.32
58,B086GPFW92,mascherine,200.0,2020-04-28 05:40:00,63.0,0.32
59,B086GPFW92,mascherine,200.0,2020-04-28 07:48:00,65.0,0.32
60,B086GPFW92,mascherine,200.0,2020-04-28 09:12:00,65.88,0.33
61,B086GPFW92,mascherine,200.0,2020-04-28 10:44:00,65.0,0.32
62,B086GPFW92,mascherine,200.0,2020-04-28 14:48:00,65.88,0.33
63,B086GPFW92,mascherine,200.0,2020-04-29 01:18:00,65.0,0.32
64,B086GPFW92,mascherine,200.0,2020-04-29 07:52:00,64.99,0.32
65,B086GPFW92,mascherine,200.0,2020-04-29 10:28:00,57.86,0.29
0,B087BGZ62L,mascherine,100.0,2020-04-20 17:10:00,57.99,0.58
1,B087BGZ62L,mascherine,100.0,2020-04-27 10:36:00,35.9,0.36
2,B087BGZ62L,mascherine,100.0,2020-04-28 03:28:00,57.99,0.58
3,B087BGZ62L,mascherine,100.0,2020-04-29 15:44:00,57.69,0.58
4,B087BGZ62L,mascherine,100.0,2020-04-30 06:26:00,57.99,0.58
5,B087BGZ62L,mascherine,100.0,2020-05-02 14:46:00,48.99,0.49
6,B087BGZ62L,mascherine,100.0,2020-05-03 08:28:00,57.99,0.58
0,B087124LVH,mascherine,20.0,2020-04-16 06:26:00,19.0,0.95
1,B087124LVH,mascherine,20.0,2020-04-19 14:20:00,16.99,0.85
2,B087124LVH,mascherine,20.0,2020-04-21 07:20:00,19.99,1.0
3,B087124LVH,mascherine,20.0,2020-04-21 15:36:00,19.98,1.0
4,B087124LVH,mascherine,20.0,2020-04-22 15:26:00,19.99,1.0
5,B087124LVH,mascherine,20.0,2020-04-23 06:44:00,19.88,0.99
6,B087124LVH,mascherine,20.0,2020-04-23 13:52:00,19.85,0.99
7,B087124LVH,mascherine,20.0,2020-04-23 18:16:00,19.82,0.99
8,B087124LVH,mascherine,20.0,2020-04-24 15:02:00,19.76,0.99
9,B087124LVH,mascherine,20.0,2020-04-24 22:56:00,19.72,0.99
10,B087124LVH,mascherine,20.0,2020-04-25 13:44:00,19.99,1.0
11,B087124LVH,mascherine,20.0,2020-04-25 17:48:00,19.61,0.98
12,B087124LVH,mascherine,20.0,2020-04-25 20:48:00,19.18,0.96
13,B087124LVH,mascherine,20.0,2020-04-26 07:54:00,19.78,0.99
14,B087124LVH,mascherine,20.0,2020-04-27 16:24:00,18.95,0.95
15,B087124LVH,mascherine,20.0,2020-04-28 03:28:00,18.88,0.94
16,B087124LVH,mascherine,20.0,2020-05-01 08:52:00,,
0,B086GMY5XK,mascherine,10.0,2020-04-02 13:36:00,25.23,2.52
1,B086GMY5XK,mascherine,10.0,2020-04-05 09:44:00,26.25,2.62
2,B086GMY5XK,mascherine,10.0,2020-04-05 13:20:00,26.26,2.63
3,B086GMY5XK,mascherine,10.0,2020-04-06 08:16:00,26.25,2.62
4,B086GMY5XK,mascherine,10.0,2020-04-07 19:38:00,25.0,2.5
5,B086GMY5XK,mascherine,10.0,2020-04-08 06:10:00,21.98,2.2
6,B086GMY5XK,mascherine,10.0,2020-04-08 08:04:00,21.96,2.2
7,B086GMY5XK,mascherine,10.0,2020-04-08 13:18:00,21.98,2.2
8,B086GMY5XK,mascherine,10.0,2020-04-09 09:36:00,15.99,1.6
9,B086GMY5XK,mascherine,10.0,2020-04-09 15:38:00,21.98,2.2
10,B086GMY5XK,mascherine,10.0,2020-04-10 08:36:00,15.99,1.6
11,B086GMY5XK,mascherine,10.0,2020-04-10 14:28:00,18.99,1.9
12,B086GMY5XK,mascherine,10.0,2020-04-10 18:20:00,13.99,1.4
13,B086GMY5XK,mascherine,10.0,2020-04-11 11:56:00,18.99,1.9
14,B086GMY5XK,mascherine,10.0,2020-04-11 22:04:00,13.99,1.4
15,B086GMY5XK,mascherine,10.0,2020-04-12 07:16:00,15.99,1.6
16,B086GMY5XK,mascherine,10.0,2020-04-16 23:12:00,12.99,1.3
17,B086GMY5XK,mascherine,10.0,2020-04-17 04:44:00,16.29,1.63
18,B086GMY5XK,mascherine,10.0,2020-04-17 09:46:00,14.0,1.4
19,B086GMY5XK,mascherine,10.0,2020-04-17 15:42:00,11.8,1.18
20,B086GMY5XK,mascherine,10.0,2020-04-18 02:48:00,16.0,1.6
21,B086GMY5XK,mascherine,10.0,2020-04-18 14:52:00,12.77,1.28
22,B086GMY5XK,mascherine,10.0,2020-04-19 12:24:00,15.89,1.59
23,B086GMY5XK,mascherine,10.0,2020-04-19 16:46:00,11.8,1.18
24,B086GMY5XK,mascherine,10.0,2020-04-20 10:32:00,15.89,1.59
25,B086GMY5XK,mascherine,10.0,2020-04-20 18:54:00,11.8,1.18
26,B086GMY5XK,mascherine,10.0,2020-04-21 06:28:00,17.85,1.78
27,B086GMY5XK,mascherine,10.0,2020-04-22 17:26:00,16.99,1.7
28,B086GMY5XK,mascherine,10.0,2020-04-23 01:36:00,17.85,1.78
29,B086GMY5XK,mascherine,10.0,2020-04-23 12:40:00,16.99,1.7
30,B086GMY5XK,mascherine,10.0,2020-04-24 08:26:00,,
31,B086GMY5XK,mascherine,10.0,2020-04-24 13:14:00,16.99,1.7
32,B086GMY5XK,mascherine,10.0,2020-04-24 15:10:00,15.99,1.6
33,B086GMY5XK,mascherine,10.0,2020-04-24 16:48:00,15.93,1.59
34,B086GMY5XK,mascherine,10.0,2020-04-25 02:30:00,15.98,1.6
35,B086GMY5XK,mascherine,10.0,2020-04-25 06:28:00,8.9,0.89
36,B086GMY5XK,mascherine,10.0,2020-04-26 19:12:00,6.99,0.7
37,B086GMY5XK,mascherine,10.0,2020-05-02 15:48:00,,
0,B08733G5C6,mascherine,50.0,2020-04-15 15:10:00,34.99,0.7
1,B08733G5C6,mascherine,50.0,2020-04-21 19:08:00,29.99,0.6
2,B08733G5C6,mascherine,50.0,2020-04-22 03:36:00,34.99,0.7
3,B08733G5C6,mascherine,50.0,2020-04-22 13:44:00,34.98,0.7
4,B08733G5C6,mascherine,50.0,2020-04-22 16:10:00,34.99,0.7
5,B08733G5C6,mascherine,50.0,2020-04-22 18:24:00,34.98,0.7
6,B08733G5C6,mascherine,50.0,2020-04-23 06:46:00,34.99,0.7
7,B08733G5C6,mascherine,50.0,2020-04-23 18:16:00,34.98,0.7
8,B08733G5C6,mascherine,50.0,2020-04-24 06:18:00,34.99,0.7
9,B08733G5C6,mascherine,50.0,2020-04-24 15:04:00,31.0,0.62
10,B08733G5C6,mascherine,50.0,2020-04-25 00:54:00,34.99,0.7
11,B08733G5C6,mascherine,50.0,2020-04-25 07:26:00,34.98,0.7
12,B08733G5C6,mascherine,50.0,2020-04-25 09:56:00,34.99,0.7
13,B08733G5C6,mascherine,50.0,2020-04-25 18:32:00,29.0,0.58
14,B08733G5C6,mascherine,50.0,2020-04-26 07:34:00,34.99,0.7
15,B08733G5C6,mascherine,50.0,2020-04-27 10:08:00,21.9,0.44
16,B08733G5C6,mascherine,50.0,2020-04-28 03:28:00,34.99,0.7
17,B08733G5C6,mascherine,50.0,2020-04-28 18:32:00,20.99,0.42
18,B08733G5C6,mascherine,50.0,2020-04-29 03:34:00,34.99,0.7
19,B08733G5C6,mascherine,50.0,2020-04-29 17:26:00,20.99,0.42
20,B08733G5C6,mascherine,50.0,2020-04-30 05:10:00,34.99,0.7
21,B08733G5C6,mascherine,50.0,2020-05-01 12:36:00,,
0,B087BT5X59,termometri,1.0,2020-04-20 07:42:00,29.98,29.98
1,B087BT5X59,termometri,1.0,2020-04-21 06:46:00,31.98,31.98
0,B0864317KM,termometri,1.0,2020-03-25 07:20:00,,
1,B0864317KM,termometri,1.0,2020-03-25 09:00:00,54.98,54.98
2,B0864317KM,termometri,1.0,2020-03-25 15:08:00,,
3,B0864317KM,termometri,1.0,2020-03-28 09:22:00,44.49,44.49
4,B0864317KM,termometri,1.0,2020-04-03 05:46:00,40.0,40.0
5,B0864317KM,termometri,1.0,2020-04-03 16:52:00,43.99,43.99
6,B0864317KM,termometri,1.0,2020-04-09 21:12:00,43.98,43.98
7,B0864317KM,termometri,1.0,2020-04-10 00:52:00,43.99,43.99
8,B0864317KM,termometri,1.0,2020-04-13 10:48:00,30.0,30.0
9,B0864317KM,termometri,1.0,2020-04-13 16:54:00,43.87,43.87
10,B0864317KM,termometri,1.0,2020-04-13 18:28:00,43.86,43.86
11,B0864317KM,termometri,1.0,2020-04-14 01:48:00,43.87,43.87
12,B0864317KM,termometri,1.0,2020-04-14 09:40:00,43.79,43.79
13,B0864317KM,termometri,1.0,2020-04-14 12:48:00,38.8,38.8
14,B0864317KM,termometri,1.0,2020-04-14 14:38:00,43.79,43.79
15,B0864317KM,termometri,1.0,2020-04-14 18:44:00,43.7,43.7
16,B0864317KM,termometri,1.0,2020-04-14 21:08:00,43.69,43.69
17,B0864317KM,termometri,1.0,2020-04-15 01:34:00,43.79,43.79
18,B0864317KM,termometri,1.0,2020-04-15 06:08:00,38.8,38.8
19,B0864317KM,termometri,1.0,2020-04-15 14:36:00,38.7,38.7
20,B0864317KM,termometri,1.0,2020-04-15 16:44:00,43.62,43.62
21,B0864317KM,termometri,1.0,2020-04-15 21:52:00,43.47,43.47
22,B0864317KM,termometri,1.0,2020-04-16 02:16:00,38.48,38.48
23,B0864317KM,termometri,1.0,2020-04-16 03:22:00,43.99,43.99
24,B0864317KM,termometri,1.0,2020-04-16 09:40:00,38.99,38.99
25,B0864317KM,termometri,1.0,2020-04-16 15:00:00,42.99,42.99
26,B0864317KM,termometri,1.0,2020-04-16 15:04:00,42.97,42.97
27,B0864317KM,termometri,1.0,2020-04-16 15:50:00,42.85,42.85
28,B0864317KM,termometri,1.0,2020-04-16 17:20:00,42.34,42.34
29,B0864317KM,termometri,1.0,2020-04-16 23:04:00,40.79,40.79
30,B0864317KM,termometri,1.0,2020-04-17 05:24:00,43.99,43.99
31,B0864317KM,termometri,1.0,2020-04-17 09:02:00,43.87,43.87
32,B0864317KM,termometri,1.0,2020-04-17 12:52:00,43.81,43.81
33,B0864317KM,termometri,1.0,2020-04-17 19:12:00,40.75,40.75
34,B0864317KM,termometri,1.0,2020-04-18 06:16:00,40.76,40.76
35,B0864317KM,termometri,1.0,2020-04-20 02:48:00,43.99,43.99
36,B0864317KM,termometri,1.0,2020-04-20 15:34:00,39.98,39.98
37,B0864317KM,termometri,1.0,2020-04-21 05:50:00,43.99,43.99
38,B0864317KM,termometri,1.0,2020-04-21 13:54:00,40.0,40.0
39,B0864317KM,termometri,1.0,2020-04-21 15:08:00,43.99,43.99
40,B0864317KM,termometri,1.0,2020-04-21 19:28:00,43.97,43.97
41,B0864317KM,termometri,1.0,2020-04-22 03:04:00,39.98,39.98
42,B0864317KM,termometri,1.0,2020-04-22 11:28:00,39.97,39.97
43,B0864317KM,termometri,1.0,2020-04-22 13:24:00,35.0,35.0
44,B0864317KM,termometri,1.0,2020-04-22 14:20:00,39.97,39.97
45,B0864317KM,termometri,1.0,2020-04-22 19:24:00,,
46,B0864317KM,termometri,1.0,2020-04-23 06:44:00,39.98,39.98
47,B0864317KM,termometri,1.0,2020-04-23 13:20:00,38.99,38.99
48,B0864317KM,termometri,1.0,2020-04-25 06:08:00,36.96,36.96
49,B0864317KM,termometri,1.0,2020-04-29 03:06:00,,
50,B0864317KM,termometri,1.0,2020-05-03 00:24:00,69.9,69.9
51,B0864317KM,termometri,1.0,2020-05-04 15:38:00,,
0,B084VCHD3F,guanti,100.0,2020-04-21 08:56:00,23.68,0.24
0,B00YUETVC0,guanti,100.0,2019-05-05 11:26:00,4.4,0.04
1,B00YUETVC0,guanti,100.0,2019-07-08 10:42:00,4.9,0.05
2,B00YUETVC0,guanti,100.0,2019-08-14 17:00:00,13.45,0.13
3,B00YUETVC0,guanti,100.0,2019-08-15 15:38:00,4.9,0.05
4,B00YUETVC0,guanti,100.0,2020-03-16 02:52:00,10.0,0.1
5,B00YUETVC0,guanti,100.0,2020-03-16 11:18:00,7.1,0.07
6,B00YUETVC0,guanti,100.0,2020-03-16 19:46:00,8.1,0.08
7,B00YUETVC0,guanti,100.0,2020-03-17 06:42:00,8.4,0.08
8,B00YUETVC0,guanti,100.0,2020-03-17 14:50:00,10.0,0.1
9,B00YUETVC0,guanti,100.0,2020-03-18 10:16:00,11.0,0.11
10,B00YUETVC0,guanti,100.0,2020-03-18 15:00:00,10.0,0.1
11,B00YUETVC0,guanti,100.0,2020-03-18 20:48:00,11.0,0.11
12,B00YUETVC0,guanti,100.0,2020-03-22 11:36:00,,
13,B00YUETVC0,guanti,100.0,2020-03-23 15:50:00,15.0,0.15
14,B00YUETVC0,guanti,100.0,2020-03-24 21:20:00,,
15,B00YUETVC0,guanti,100.0,2020-03-25 16:16:00,13.0,0.13
16,B00YUETVC0,guanti,100.0,2020-03-26 16:08:00,15.0,0.15
17,B00YUETVC0,guanti,100.0,2020-03-27 13:56:00,15.99,0.16
18,B00YUETVC0,guanti,100.0,2020-03-27 23:54:00,13.0,0.13
19,B00YUETVC0,guanti,100.0,2020-03-28 11:06:00,15.0,0.15
20,B00YUETVC0,guanti,100.0,2020-03-28 12:48:00,15.99,0.16
21,B00YUETVC0,guanti,100.0,2020-03-30 01:52:00,24.99,0.25
22,B00YUETVC0,guanti,100.0,2020-03-30 09:44:00,14.99,0.15
23,B00YUETVC0,guanti,100.0,2020-04-01 03:52:00,,
24,B00YUETVC0,guanti,100.0,2020-04-01 10:32:00,15.99,0.16
25,B00YUETVC0,guanti,100.0,2020-04-01 14:32:00,15.0,0.15
26,B00YUETVC0,guanti,100.0,2020-04-03 12:48:00,13.99,0.14
27,B00YUETVC0,guanti,100.0,2020-04-04 09:54:00,15.0,0.15
28,B00YUETVC0,guanti,100.0,2020-04-06 14:58:00,15.5,0.16
29,B00YUETVC0,guanti,100.0,2020-04-07 07:34:00,15.49,0.15
30,B00YUETVC0,guanti,100.0,2020-04-07 13:42:00,15.5,0.16
31,B00YUETVC0,guanti,100.0,2020-04-08 12:20:00,14.99,0.15
32,B00YUETVC0,guanti,100.0,2020-04-08 14:36:00,5.71,0.06
33,B00YUETVC0,guanti,100.0,2020-04-08 15:52:00,14.99,0.15
34,B00YUETVC0,guanti,100.0,2020-04-09 07:12:00,15.5,0.16
35,B00YUETVC0,guanti,100.0,2020-04-09 14:58:00,14.9,0.15
36,B00YUETVC0,guanti,100.0,2020-04-10 04:20:00,15.5,0.16
37,B00YUETVC0,guanti,100.0,2020-04-10 12:52:00,15.39,0.15
38,B00YUETVC0,guanti,100.0,2020-04-11 04:28:00,15.5,0.16
39,B00YUETVC0,guanti,100.0,2020-04-11 16:08:00,15.39,0.15
40,B00YUETVC0,guanti,100.0,2020-04-12 04:48:00,15.5,0.16
41,B00YUETVC0,guanti,100.0,2020-04-12 16:00:00,15.31,0.15
42,B00YUETVC0,guanti,100.0,2020-04-13 04:36:00,15.5,0.16
43,B00YUETVC0,guanti,100.0,2020-04-13 16:08:00,14.0,0.14
44,B00YUETVC0,guanti,100.0,2020-04-14 05:56:00,15.5,0.16
45,B00YUETVC0,guanti,100.0,2020-04-14 07:56:00,14.0,0.14
46,B00YUETVC0,guanti,100.0,2020-04-14 13:22:00,12.0,0.12
47,B00YUETVC0,guanti,100.0,2020-04-15 07:20:00,13.0,0.13
48,B00YUETVC0,guanti,100.0,2020-04-15 11:22:00,12.0,0.12
49,B00YUETVC0,guanti,100.0,2020-04-15 15:56:00,11.9,0.12
50,B00YUETVC0,guanti,100.0,2020-04-17 06:08:00,11.88,0.12
51,B00YUETVC0,guanti,100.0,2020-04-18 18:40:00,10.0,0.1
52,B00YUETVC0,guanti,100.0,2020-04-21 08:44:00,19.0,0.19
53,B00YUETVC0,guanti,100.0,2020-04-21 14:48:00,13.99,0.14
54,B00YUETVC0,guanti,100.0,2020-04-21 22:32:00,18.0,0.18
55,B00YUETVC0,guanti,100.0,2020-04-22 03:32:00,19.9,0.2
56,B00YUETVC0,guanti,100.0,2020-04-22 13:10:00,13.99,0.14
57,B00YUETVC0,guanti,100.0,2020-04-23 00:48:00,,
58,B00YUETVC0,guanti,100.0,2020-04-23 07:56:00,19.29,0.19
59,B00YUETVC0,guanti,100.0,2020-04-23 09:38:00,13.0,0.13
60,B00YUETVC0,guanti,100.0,2020-04-24 08:32:00,11.92,0.12
61,B00YUETVC0,guanti,100.0,2020-04-25 10:04:00,,
62,B00YUETVC0,guanti,100.0,2020-04-25 14:32:00,13.99,0.14
63,B00YUETVC0,guanti,100.0,2020-04-26 04:00:00,16.97,0.17
64,B00YUETVC0,guanti,100.0,2020-04-26 08:50:00,19.9,0.2
65,B00YUETVC0,guanti,100.0,2020-04-27 07:48:00,21.9,0.22
66,B00YUETVC0,guanti,100.0,2020-04-27 11:04:00,,
67,B00YUETVC0,guanti,100.0,2020-04-28 12:40:00,7.0,0.07
68,B00YUETVC0,guanti,100.0,2020-04-29 07:36:00,,
69,B00YUETVC0,guanti,100.0,2020-04-29 08:56:00,22.9,0.23
70,B00YUETVC0,guanti,100.0,2020-04-29 18:48:00,,
0,B085XKJZGF,guanti,50.0,2020-03-26 16:42:00,17.99,0.36
1,B085XKJZGF,guanti,50.0,2020-03-29 14:06:00,,
2,B085XKJZGF,guanti,50.0,2020-04-04 22:24:00,19.99,0.4
3,B085XKJZGF,guanti,50.0,2020-04-06 12:00:00,,
4,B085XKJZGF,guanti,50.0,2020-04-09 15:00:00,19.99,0.4
5,B085XKJZGF,guanti,50.0,2020-05-04 13:58:00,,
0,B086KVMJRB,guanti,100.0,2020-04-25 17:18:00,18.66,0.19
1,B086KVMJRB,guanti,100.0,2020-04-28 09:00:00,17.45,0.17
2,B086KVMJRB,guanti,100.0,2020-04-29 15:26:00,18.44,0.18
0,B0867KFJMF,igienizzanti,0.25,2020-03-22 10:00:00,23.9,95.6
1,B0867KFJMF,igienizzanti,0.25,2020-03-23 09:10:00,22.99,91.96
2,B0867KFJMF,igienizzanti,0.25,2020-03-24 14:40:00,19.8,79.2
3,B0867KFJMF,igienizzanti,0.25,2020-03-24 23:12:00,25.9,103.6
4,B0867KFJMF,igienizzanti,0.25,2020-03-25 03:50:00,,
5,B0867KFJMF,igienizzanti,0.25,2020-03-25 10:54:00,24.8,99.2
6,B0867KFJMF,igienizzanti,0.25,2020-03-26 11:06:00,22.49,89.96
7,B0867KFJMF,igienizzanti,0.25,2020-03-26 12:46:00,21.5,86.0
8,B0867KFJMF,igienizzanti,0.25,2020-03-27 18:32:00,15.0,60.0
9,B0867KFJMF,igienizzanti,0.25,2020-03-28 10:14:00,14.99,59.96
10,B0867KFJMF,igienizzanti,0.25,2020-03-29 12:40:00,14.98,59.92
11,B0867KFJMF,igienizzanti,0.25,2020-03-30 15:42:00,14.5,58.0
12,B0867KFJMF,igienizzanti,0.25,2020-03-31 10:16:00,16.5,66.0
13,B0867KFJMF,igienizzanti,0.25,2020-04-03 10:00:00,23.5,94.0
14,B0867KFJMF,igienizzanti,0.25,2020-04-03 13:50:00,16.5,66.0
15,B0867KFJMF,igienizzanti,0.25,2020-04-03 22:16:00,,
16,B0867KFJMF,igienizzanti,0.25,2020-04-07 10:02:00,16.5,66.0
17,B0867KFJMF,igienizzanti,0.25,2020-04-10 09:00:00,21.3,85.2
18,B0867KFJMF,igienizzanti,0.25,2020-04-11 07:52:00,23.0,92.0
19,B0867KFJMF,igienizzanti,0.25,2020-04-11 15:12:00,26.0,104.0
20,B0867KFJMF,igienizzanti,0.25,2020-04-13 22:28:00,30.0,120.0
21,B0867KFJMF,igienizzanti,0.25,2020-04-14 08:34:00,16.5,66.0
22,B0867KFJMF,igienizzanti,0.25,2020-04-22 15:44:00,,
23,B0867KFJMF,igienizzanti,0.25,2020-04-22 17:02:00,16.5,66.0
24,B0867KFJMF,igienizzanti,0.25,2020-04-22 21:08:00,21.99,87.96
25,B0867KFJMF,igienizzanti,0.25,2020-04-23 10:54:00,16.5,66.0
26,B0867KFJMF,igienizzanti,0.25,2020-05-04 06:04:00,17.5,70.0
27,B0867KFJMF,igienizzanti,0.25,2020-05-04 16:54:00,16.99,67.96
28,B0867KFJMF,igienizzanti,0.25,2020-05-04 21:20:00,17.5,70.0
29,B0867KFJMF,igienizzanti,0.25,2020-05-05 10:26:00,16.5,66.0
0,B086V645DV,igienizzanti,1.0,2020-04-08 09:38:00,26.0,26.0
1,B086V645DV,igienizzanti,1.0,2020-04-08 12:40:00,27.9,27.9
2,B086V645DV,igienizzanti,1.0,2020-04-08 18:52:00,26.9,26.9
3,B086V645DV,igienizzanti,1.0,2020-04-10 18:50:00,27.9,27.9
4,B086V645DV,igienizzanti,1.0,2020-04-13 09:00:00,28.9,28.9
5,B086V645DV,igienizzanti,1.0,2020-04-14 08:34:00,29.9,29.9
6,B086V645DV,igienizzanti,1.0,2020-04-19 09:04:00,27.9,27.9
7,B086V645DV,igienizzanti,1.0,2020-04-21 07:48:00,28.5,28.5
8,B086V645DV,igienizzanti,1.0,2020-04-21 18:16:00,29.9,29.9
9,B086V645DV,igienizzanti,1.0,2020-04-23 17:48:00,26.9,26.9
0,B084C1513X,igienizzanti,1.0,2020-02-05 07:48:00,8.99,8.99
1,B084C1513X,igienizzanti,1.0,2020-02-22 13:42:00,,
2,B084C1513X,igienizzanti,1.0,2020-02-23 07:44:00,8.99,8.99
3,B084C1513X,igienizzanti,1.0,2020-02-23 09:10:00,,
4,B084C1513X,igienizzanti,1.0,2020-02-28 17:06:00,29.9,29.9
5,B084C1513X,igienizzanti,1.0,2020-02-29 10:40:00,19.9,19.9
6,B084C1513X,igienizzanti,1.0,2020-02-29 12:36:00,21.9,21.9
7,B084C1513X,igienizzanti,1.0,2020-02-29 16:18:00,19.9,19.9
8,B084C1513X,igienizzanti,1.0,2020-03-06 10:04:00,,
9,B084C1513X,igienizzanti,1.0,2020-04-10 15:28:00,17.69,17.69
10,B084C1513X,igienizzanti,1.0,2020-04-21 15:08:00,19.49,19.49
0,B087N3G2L6,igienizzanti,1.3,2020-04-24 21:00:00,29.9,23.0
1,B087N3G2L6,igienizzanti,1.3,2020-05-03 10:48:00,27.9,21.46
0,B0867DBFP2,igienizzanti,0.5,2020-03-21 14:22:00,45.0,90.0
1,B0867DBFP2,igienizzanti,0.5,2020-03-22 21:12:00,43.99,87.98
2,B0867DBFP2,igienizzanti,0.5,2020-03-24 06:34:00,43.98,87.96
3,B0867DBFP2,igienizzanti,0.5,2020-03-24 14:40:00,29.0,58.0
4,B0867DBFP2,igienizzanti,0.5,2020-03-25 02:00:00,43.98,87.96
5,B0867DBFP2,igienizzanti,0.5,2020-03-25 09:14:00,,
6,B0867DBFP2,igienizzanti,0.5,2020-03-25 10:54:00,42.98,85.96
7,B0867DBFP2,igienizzanti,0.5,2020-03-26 12:50:00,29.0,58.0
8,B0867DBFP2,igienizzanti,0.5,2020-03-26 19:08:00,28.9,57.8
9,B0867DBFP2,igienizzanti,0.5,2020-03-27 10:34:00,6.57,13.14
10,B0867DBFP2,igienizzanti,0.5,2020-03-27 11:56:00,28.8,57.6
11,B0867DBFP2,igienizzanti,0.5,2020-03-27 18:34:00,28.25,56.5
12,B0867DBFP2,igienizzanti,0.5,2020-03-28 09:20:00,28.0,56.0
13,B0867DBFP2,igienizzanti,0.5,2020-03-28 10:18:00,27.99,55.98
14,B0867DBFP2,igienizzanti,0.5,2020-03-29 21:34:00,27.89,55.78
15,B0867DBFP2,igienizzanti,0.5,2020-03-31 12:16:00,33.89,67.78
16,B0867DBFP2,igienizzanti,0.5,2020-03-31 17:48:00,33.85,67.7
17,B0867DBFP2,igienizzanti,0.5,2020-04-02 06:02:00,35.0,70.0
18,B0867DBFP2,igienizzanti,0.5,2020-04-03 09:50:00,,
19,B0867DBFP2,igienizzanti,0.5,2020-04-04 15:48:00,42.4,84.8
20,B0867DBFP2,igienizzanti,0.5,2020-04-04 20:42:00,36.0,72.0
21,B0867DBFP2,igienizzanti,0.5,2020-04-05 07:58:00,,
22,B0867DBFP2,igienizzanti,0.5,2020-04-06 14:48:00,42.4,84.8
23,B0867DBFP2,igienizzanti,0.5,2020-04-06 18:28:00,,
24,B0867DBFP2,igienizzanti,0.5,2020-04-10 09:00:00,42.4,84.8
25,B0867DBFP2,igienizzanti,0.5,2020-04-11 07:52:00,42.0,84.0
26,B0867DBFP2,igienizzanti,0.5,2020-04-11 13:28:00,45.0,90.0
27,B0867DBFP2,igienizzanti,0.5,2020-04-11 15:12:00,43.0,86.0
28,B0867DBFP2,igienizzanti,0.5,2020-04-11 16:20:00,42.0,84.0
29,B0867DBFP2,igienizzanti,0.5,2020-04-11 21:50:00,43.0,86.0
30,B0867DBFP2,igienizzanti,0.5,2020-04-15 08:48:00,39.99,79.98
31,B0867DBFP2,igienizzanti,0.5,2020-04-15 13:26:00,43.0,86.0
32,B0867DBFP2,igienizzanti,0.5,2020-04-15 15:16:00,39.99,79.98
33,B0867DBFP2,igienizzanti,0.5,2020-04-15 19:08:00,39.79,79.58
34,B0867DBFP2,igienizzanti,0.5,2020-04-16 08:16:00,39.98,79.96
35,B0867DBFP2,igienizzanti,0.5,2020-04-16 14:00:00,39.78,79.56
36,B0867DBFP2,igienizzanti,0.5,2020-04-16 16:24:00,39.49,78.98
37,B0867DBFP2,igienizzanti,0.5,2020-04-17 07:20:00,39.45,78.9
38,B0867DBFP2,igienizzanti,0.5,2020-04-17 13:32:00,39.38,78.76
39,B0867DBFP2,igienizzanti,0.5,2020-04-17 17:20:00,39.29,78.58
40,B0867DBFP2,igienizzanti,0.5,2020-04-20 13:52:00,33.0,66.0
41,B0867DBFP2,igienizzanti,0.5,2020-04-20 14:50:00,35.0,70.0
42,B0867DBFP2,igienizzanti,0.5,2020-04-20 18:36:00,30.0,60.0
43,B0867DBFP2,igienizzanti,0.5,2020-04-21 04:56:00,34.0,68.0
44,B0867DBFP2,igienizzanti,0.5,2020-04-24 16:52:00,,
45,B0867DBFP2,igienizzanti,0.5,2020-04-25 01:02:00,38.99,77.98
46,B0867DBFP2,igienizzanti,0.5,2020-04-25 07:56:00,38.29,76.58
47,B0867DBFP2,igienizzanti,0.5,2020-04-27 06:12:00,33.0,66.0
48,B0867DBFP2,igienizzanti,0.5,2020-04-27 19:18:00,38.0,76.0
49,B0867DBFP2,igienizzanti,0.5,2020-04-28 12:08:00,37.9,75.8
50,B0867DBFP2,igienizzanti,0.5,2020-04-28 15:20:00,37.5,75.0
51,B0867DBFP2,igienizzanti,0.5,2020-04-29 13:00:00,36.0,72.0
52,B0867DBFP2,igienizzanti,0.5,2020-05-02 10:56:00,35.85,71.7
53,B0867DBFP2,igienizzanti,0.5,2020-05-02 15:16:00,35.49,70.98
54,B0867DBFP2,igienizzanti,0.5,2020-05-03 06:44:00,34.99,69.98
55,B0867DBFP2,igienizzanti,0.5,2020-05-03 10:48:00,34.95,69.9
56,B0867DBFP2,igienizzanti,0.5,2020-05-03 13:50:00,34.9,69.8
57,B0867DBFP2,igienizzanti,0.5,2020-05-04 13:22:00,34.8,69.6
58,B0867DBFP2,igienizzanti,0.5,2020-05-04 14:34:00,34.79,69.58
59,B0867DBFP2,igienizzanti,0.5,2020-05-04 18:04:00,33.99,67.98
0,B086HPFMNC,igienizzanti,0.4,2020-03-29 09:44:00,27.99,69.97
1,B086HPFMNC,igienizzanti,0.4,2020-04-01 23:14:00,22.99,57.47
2,B086HPFMNC,igienizzanti,0.4,2020-04-02 09:08:00,22.0,55.0
3,B086HPFMNC,igienizzanti,0.4,2020-04-06 01:44:00,20.99,52.47
4,B086HPFMNC,igienizzanti,0.4,2020-04-07 08:34:00,20.79,51.97
5,B086HPFMNC,igienizzanti,0.4,2020-04-07 17:40:00,20.49,51.22
6,B086HPFMNC,igienizzanti,0.4,2020-04-08 19:36:00,25.34,63.35
7,B086HPFMNC,igienizzanti,0.4,2020-04-09 19:12:00,24.65,61.62
8,B086HPFMNC,igienizzanti,0.4,2020-04-10 07:44:00,24.5,61.25
9,B086HPFMNC,igienizzanti,0.4,2020-04-10 10:20:00,24.4,61.0
10,B086HPFMNC,igienizzanti,0.4,2020-04-10 13:42:00,24.3,60.75
11,B086HPFMNC,igienizzanti,0.4,2020-04-10 16:00:00,24.2,60.5
12,B086HPFMNC,igienizzanti,0.4,2020-04-12 09:08:00,24.4,61.0
13,B086HPFMNC,igienizzanti,0.4,2020-04-12 10:56:00,24.65,61.62
14,B086HPFMNC,igienizzanti,0.4,2020-04-12 17:44:00,23.9,59.75
15,B086HPFMNC,igienizzanti,0.4,2020-04-13 06:50:00,24.55,61.38
16,B086HPFMNC,igienizzanti,0.4,2020-04-13 11:00:00,22.0,55.0
17,B086HPFMNC,igienizzanti,0.4,2020-04-13 22:12:00,19.6,49.0
18,B086HPFMNC,igienizzanti,0.4,2020-04-14 15:00:00,19.2,48.0
19,B086HPFMNC,igienizzanti,0.4,2020-04-15 07:46:00,24.5,61.25
20,B086HPFMNC,igienizzanti,0.4,2020-04-15 10:16:00,19.2,48.0
21,B086HPFMNC,igienizzanti,0.4,2020-04-15 13:26:00,21.35,53.38
22,B086HPFMNC,igienizzanti,0.4,2020-04-15 18:36:00,21.9,54.75
23,B086HPFMNC,igienizzanti,0.4,2020-04-16 09:20:00,19.65,49.12
24,B086HPFMNC,igienizzanti,0.4,2020-04-16 22:52:00,19.75,49.38
25,B086HPFMNC,igienizzanti,0.4,2020-04-17 09:28:00,19.3,48.25
26,B086HPFMNC,igienizzanti,0.4,2020-04-17 17:16:00,18.49,46.22
27,B086HPFMNC,igienizzanti,0.4,2020-04-20 13:12:00,18.94,47.35
28,B086HPFMNC,igienizzanti,0.4,2020-04-20 18:36:00,18.49,46.22
29,B086HPFMNC,igienizzanti,0.4,2020-04-24 13:28:00,18.5,46.25
30,B086HPFMNC,igienizzanti,0.4,2020-04-27 10:36:00,24.65,61.62
31,B086HPFMNC,igienizzanti,0.4,2020-04-27 19:18:00,18.5,46.25
32,B086HPFMNC,igienizzanti,0.4,2020-04-28 06:20:00,24.65,61.62
33,B086HPFMNC,igienizzanti,0.4,2020-04-29 20:12:00,19.82,49.55
34,B086HPFMNC,igienizzanti,0.4,2020-04-30 14:14:00,24.65,61.62
35,B086HPFMNC,igienizzanti,0.4,2020-05-01 10:08:00,19.7,49.25
36,B086HPFMNC,igienizzanti,0.4,2020-05-02 12:24:00,19.6,49.0
0,B087C7K4NR,igienizzanti,1.0,2020-04-23 13:22:00,18.0,18.0
1,B087C7K4NR,igienizzanti,1.0,2020-04-27 01:08:00,19.0,19.0
2,B087C7K4NR,igienizzanti,1.0,2020-04-29 07:08:00,20.5,20.5
3,B087C7K4NR,igienizzanti,1.0,2020-04-29 13:04:00,19.0,19.0
4,B087C7K4NR,igienizzanti,1.0,2020-04-30 12:28:00,,
5,B087C7K4NR,igienizzanti,1.0,2020-04-30 13:52:00,19.0,19.0
6,B087C7K4NR,igienizzanti,1.0,2020-05-04 07:48:00,,
0,B086WHDPT3,igienizzanti,0.5,2020-04-08 12:26:00,19.49,38.98
1,B086WHDPT3,igienizzanti,0.5,2020-04-09 11:00:00,20.75,41.5
2,B086WHDPT3,igienizzanti,0.5,2020-04-10 16:04:00,9.5,19.0
3,B086WHDPT3,igienizzanti,0.5,2020-04-12 17:28:00,20.75,41.5
4,B086WHDPT3,igienizzanti,0.5,2020-04-14 13:08:00,9.5,19.0
5,B086WHDPT3,igienizzanti,0.5,2020-04-14 16:00:00,10.5,21.0
6,B086WHDPT3,igienizzanti,0.5,2020-04-15 16:24:00,25.0,50.0
7,B086WHDPT3,igienizzanti,0.5,2020-04-16 12:42:00,13.5,27.0
8,B086WHDPT3,igienizzanti,0.5,2020-04-16 16:30:00,13.0,26.0
9,B086WHDPT3,igienizzanti,0.5,2020-04-17 07:20:00,20.9,41.8
10,B086WHDPT3,igienizzanti,0.5,2020-04-17 11:10:00,20.8,41.6
11,B086WHDPT3,igienizzanti,0.5,2020-04-18 14:40:00,20.75,41.5
12,B086WHDPT3,igienizzanti,0.5,2020-04-20 06:04:00,20.7,41.4
13,B086WHDPT3,igienizzanti,0.5,2020-04-20 13:04:00,20.5,41.0
14,B086WHDPT3,igienizzanti,0.5,2020-04-20 14:32:00,20.45,40.9
15,B086WHDPT3,igienizzanti,0.5,2020-04-21 13:16:00,20.4,40.8
16,B086WHDPT3,igienizzanti,0.5,2020-04-21 17:40:00,20.35,40.7
17,B086WHDPT3,igienizzanti,0.5,2020-04-22 12:28:00,20.4,40.8
18,B086WHDPT3,igienizzanti,0.5,2020-04-22 23:54:00,19.35,38.7
19,B086WHDPT3,igienizzanti,0.5,2020-04-23 08:20:00,19.2,38.4
20,B086WHDPT3,igienizzanti,0.5,2020-04-23 09:36:00,19.19,38.38
21,B086WHDPT3,igienizzanti,0.5,2020-04-23 11:58:00,19.18,38.36
22,B086WHDPT3,igienizzanti,0.5,2020-04-24 09:02:00,19.0,38.0
23,B086WHDPT3,igienizzanti,0.5,2020-04-24 12:36:00,18.8,37.6
24,B086WHDPT3,igienizzanti,0.5,2020-04-24 14:32:00,18.04,36.08
25,B086WHDPT3,igienizzanti,0.5,2020-04-24 17:52:00,16.99,33.98
26,B086WHDPT3,igienizzanti,0.5,2020-04-25 13:08:00,16.98,33.96
27,B086WHDPT3,igienizzanti,0.5,2020-04-26 09:54:00,16.99,33.98
28,B086WHDPT3,igienizzanti,0.5,2020-04-26 13:12:00,19.49,38.98
29,B086WHDPT3,igienizzanti,0.5,2020-04-26 16:04:00,17.52,35.04
30,B086WHDPT3,igienizzanti,0.5,2020-04-27 19:18:00,16.98,33.96
31,B086WHDPT3,igienizzanti,0.5,2020-04-28 15:20:00,18.0,36.0
32,B086WHDPT3,igienizzanti,0.5,2020-04-30 08:38:00,17.99,35.98
33,B086WHDPT3,igienizzanti,0.5,2020-04-30 13:52:00,17.98,35.96
34,B086WHDPT3,igienizzanti,0.5,2020-05-01 10:08:00,17.97,35.94
35,B086WHDPT3,igienizzanti,0.5,2020-05-02 08:56:00,17.95,35.9
36,B086WHDPT3,igienizzanti,0.5,2020-05-02 16:32:00,17.93,35.86
37,B086WHDPT3,igienizzanti,0.5,2020-05-02 21:58:00,17.92,35.84
38,B086WHDPT3,igienizzanti,0.5,2020-05-03 07:48:00,17.93,35.86
